{"cameraMode":{"drawMode":0,"name":"Shaded","section":"Shading Mode"},"sceneLighting":true,"audioPlay":false,"sceneViewState":{"showFog":false,"showMaterialUpdate":false,"showSkybox":false,"showFlares":false,"showImageEffects":false,"showParticleSystems":false},"in2DMode":false,"pivot":{"x":14.547975540161133,"y":19.733169555664064,"z":148.2474365234375},"rotation":{"x":0.13478872179985047,"y":-0.4308270514011383,"z":0.06525669991970062,"w":0.8899223208427429},"size":45.89332962036133,"orthographic":false}