{"cameraMode":{"drawMode":0,"name":"Shaded","section":"Shading Mode"},"sceneLighting":false,"audioPlay":false,"sceneViewState":{"showFog":false,"showMaterialUpdate":false,"showSkybox":false,"showFlares":false,"showImageEffects":false,"showParticleSystems":false},"in2DMode":false,"pivot":{"x":-2.1875128746032717,"y":-0.6004109382629395,"z":-9.923465728759766},"rotation":{"x":-0.09023533761501312,"y":-0.9019537568092346,"z":0.22964906692504884,"w":-0.3543986678123474},"size":9.196548461914063,"orthographic":false}