{"cameraMode":{"drawMode":0,"name":"Shaded","section":"Shading Mode"},"sceneLighting":false,"audioPlay":false,"sceneViewState":{"showFog":false,"showMaterialUpdate":false,"showSkybox":false,"showFlares":false,"showImageEffects":false,"showParticleSystems":false},"in2DMode":false,"pivot":{"x":-0.7022750377655029,"y":0.18725669384002686,"z":-0.6032906770706177},"rotation":{"x":-0.0933951735496521,"y":-0.8770873546600342,"z":0.18998707830905915,"w":-0.4311613440513611},"size":4.957884311676025,"orthographic":false}