{"cameraMode":{"drawMode":0,"name":"Shaded","section":"Shading Mode"},"sceneLighting":true,"audioPlay":false,"sceneViewState":{"showFog":false,"showMaterialUpdate":false,"showSkybox":false,"showFlares":false,"showImageEffects":false,"showParticleSystems":false},"in2DMode":false,"pivot":{"x":20.6660213470459,"y":7.449213981628418,"z":144.57542419433595},"rotation":{"x":-0.2174144983291626,"y":0.248876690864563,"z":-0.057437680661678317,"w":-0.9420680999755859},"size":20.797374725341798,"orthographic":false}